x1,x2,x3,x4,x5,x6,x7,x8,x9,x10,y
1.0907754872731577,5.923890290662436,6.909336327858914,55.060962286060956,196.49422948995084,-18.138886670813193,0.9279994673135128,0.3053354694611737,5.984539724005696,3.035881782909353,909.0021220610789
1.065580711702263,-3.0990818861499125,1.3584529483501169,34.83471517178113,147.08353617058242,-13.521227125044927,0.19809708008477503,0.4923135093183295,2.809029798103409,0.535102949323512,636.7684683932899
4.5157403051794685,1.9620780580573953,11.703447898559972,43.73725731768923,109.29652054958913,-23.726915969688413,2.076597368628237,0.45637429334722157,2.9232066999743007,0.3391808175984642,565.6268353753563
-0.6676745182817407,-2.8705366866937476,0.9576242484024429,60.82729744188087,159.15738272438384,-14.120976500584234,2.0398212608213355,0.4028379852877394,2.761427696666565,0.08818495542878087,743.7676414142663
-0.4078927141641305,-6.072821657471521,0.6525087832798351,52.111007359255424,185.55794965886042,-18.52844927298539,1.943132077231618,0.4364809845479172,4.3182046464224,0.138197623804221,806.1830473100647
0.9866497008624062,-2.640087357493357,1.0708582430702702,32.24293085835633,110.82862195908079,-18.883119453318475,0.5064595095990218,0.19702253066137942,2.3347734156944404,0.7527557541200467,502.35913130675834
0.8010652157115115,-0.12477682144655589,0.5257089793805033,33.40638439333149,162.2230755294468,-22.875282185214946,2.427583523160217,0.320019140956916,1.6203559197736344,1.3025478352567508,688.6262360666337
1.0268874739231786,-5.497310294197666,0.014664221792252588,36.517150141835224,171.79939055900235,-20.709325954621836,0.19935974674547666,0.17909571375255373,2.0863686154454246,6.335871177512341,692.7399918593508
0.03288459565284637,8.42285497090407,1.709223474200809,50.74068773692466,134.70282794062305,-15.313077747235749,1.0494805538390126,0.1223968680811867,7.379564193395595,2.556807162833877,697.8286153542645
1.1345711976847448,-6.408858644403734,1.2254878148231305,43.91507874139722,111.65748171182663,-10.539239238367708,2.0567979140673462,0.13506304197417088,5.147327753687592,8.76250460818659,491.01343192597557
0.29244140647776956,-9.561404940317544,3.4019834252159127,43.38354524055853,141.4677975321796,-25.42723718056012,19.92409160775803,0.21248816735884343,5.805679452546894,0.20819304179950587,561.196359226527
-0.8062354607120455,-3.9859399793782524,1.4714186358290426,45.27529686418485,141.58692851124698,-14.352344224776544,0.8271681808271365,0.1475954349235786,9.734226782084447,1.4701456773165156,661.4865081961767
0.1257228136437778,-9.96599156095927,3.7337275551816567,66.68811722648647,183.31969111332774,-8.676120366239521,2.9831482844860977,0.43521572592886815,4.873721775268489,1.326922966985161,815.0331117827247
1.021504181362069,-5.215582819021538,2.1365842479172876,53.901116929423516,176.31064294080716,-19.211515452682107,3.6189678891976738,0.10707517527372849,6.798452341876499,1.558182294704298,779.1172809640326
1.2769140759503028,5.566204742392442,1.1009794652901421,51.719160317607944,149.41393799331757,-22.043728421403387,1.693279377016216,0.2611581262325194,4.507778670745808,0.05058756341219625,749.0192438656862
-0.10868026621966521,-3.574184961353362,0.40306670409094597,56.69426132659757,168.69695989114854,-24.959428484352788,2.321847454574637,0.40406614248932354,10.33595969664187,0.8035612809106139,813.2228047981268
-1.6315594396261812,-4.348345515267768,0.28665301295755136,43.621206516137725,118.51748698593582,-15.0516865148704,0.4909898874156576,0.3114939823095258,7.114407160026592,0.22325250563580457,579.1337631748327
0.21149632856590314,-5.757893906428839,0.4632108313093349,60.84398015911722,191.19051066545802,-24.9463373057079,7.367229257858361,0.27329241376214475,6.4966254237704755,0.5932843290877244,852.1240844841756
0.49139658714107554,-3.9785135211661293,3.926128419613595,53.58599836154098,144.69816458986764,-18.393417433159744,0.5871203469080648,0.629627435190033,1.6775904976666765,2.40524035111124,674.2816946351468
2.017466508166875,6.453851138922818,0.1839661213609698,48.00207194017899,182.45939646285257,-22.223144809250467,1.642203663613834,0.23800221456731877,2.440369720664127,1.1764255479710777,843.733540621796
1.3835118865865008,0.889071247638924,1.23072566251495,38.46833870461877,173.00372986536627,-21.58686660991094,0.024974078360433676,0.05815439054463696,5.512362169467753,0.8098071154039456,784.4112187168455
-1.2707127211384897,-0.94366950201535,0.7566316886647148,38.3489192525683,159.24783188036045,-15.012677871189958,0.29633683634277275,0.3676965717089864,7.818261383621875,0.737847937086524,710.2072887544127
0.20827071089250204,6.117346020794866,2.5015361003734475,64.47803207952909,191.51446348887055,-16.93303223070374,0.1852640483991903,0.5173857634516207,5.463022812861667,3.9343597001157757,918.2362856585792
0.21601027592018396,-1.4319925756899217,0.6229190737161043,42.735043981620684,138.822111864162,-17.557331291131533,1.0602362268194119,0.3055958618387183,3.2877928977503057,1.0446843587444348,635.5668656198442
1.4714186017547806,1.7862777056190282,2.560976788958671,52.30613909345303,139.95787802085528,-21.27949575727219,1.6147493602330631,0.25608356161998685,3.3641556862098163,1.629982661999614,693.544008542638
0.38730202601933655,-1.245017242852228,0.761281982713567,45.94562602571135,131.69655110306607,-21.967443439207496,4.935121653204381,0.35664685307397626,2.6483899633072965,0.08171472783747165,627.4039669466057
-1.774366284410122,-6.449509948506778,6.579391779404986,38.038685372049436,199.74785994877104,-27.812903644966582,1.328690688312367,0.43185374354511746,8.664255080641514,9.355308361137878,776.8878760970175
0.5942848449507561,-0.576447930469179,1.0200137639729008,32.12388619869935,132.90265808080395,-22.06266779034475,0.4980106396358401,0.21213285994492145,3.6560903334777306,1.7854153347909343,599.1108036538758
-1.1033781813607193,7.405918737535615,3.681083599254894,39.389225976221724,197.100306388943,-22.062713767632438,1.5600726626116581,0.18121179517867256,6.669369811656489,1.4554928725754557,876.8333181968924
-0.5370898030157648,5.66335922481718,0.9949803306084506,56.039559960300274,125.42369173992564,-22.45571360599913,1.5724677514193715,0.0993909956218985,2.7920929962538694,0.8233673650600313,669.3727518959524
-0.6767286402059168,-0.8686229420864304,6.347211101161882,39.51697429728539,159.3122489826335,-19.211698837284917,0.4515730027930132,0.1851802128785103,2.6002698855621493,2.024564505246357,694.7646729065916
-0.16676135511109388,2.6570078714238363,4.38342818183495,57.11404477188607,146.04304822587204,-22.8973838980096,0.24040712038212808,0.549052273863239,12.03656886002163,0.5605364387949258,765.86610432436
-0.4415481777589131,9.837862104802749,3.1792377982254525,45.95719420211976,101.43298612424493,-21.69121270523894,2.129442088249675,0.31752588397853526,5.041958700074906,0.7491212641605937,573.1964234531342
-0.2895044148761716,7.7899581659961505,0.02475481733743827,33.94581922566877,100.00155655816947,-22.542753579811283,0.7556297250040812,0.24509219566409504,3.033149296514692,1.0825194644643676,525.6856620625196
1.145006892674723,-1.3820506832437989,0.7460561182332031,56.27052474570915,113.01819259135615,-20.166270180878566,4.9796206214637735,0.16266735179294523,1.4681782826280763,1.48523015368992,594.7284902030988
1.0173021516898948,1.4912530072880426,0.19377609613765884,37.77347797470094,176.88272459778636,-16.979997172869577,2.266003879225767,0.23312507881020836,6.781512811804724,2.491929948367127,771.6458995409774
-0.9526400241974103,7.024613931199017,1.5034740696228759,52.5220029896541,153.3591157218369,-22.554125756770105,0.015476778406339072,0.4479626904201152,3.497461060771507,1.3358459142142445,768.2534353858607
0.36065575322224375,-8.354649478948179,4.04418378761916,42.68827375387478,160.38088133965158,-13.207718048850538,2.352341905905753,0.3492151938035299,7.771702021499475,0.7422270358543389,682.1796142948505
1.2276499339007954,4.390776519624511,1.2362583166996206,62.58509457632162,155.75761715609767,-15.285284349548691,0.22628939001208603,0.017855285832574744,0.9468464285396238,0.5985943229009424,790.0584305871856
-0.28046346920515697,-0.27798951981637465,0.6022647524683242,45.605524862798774,143.06855177302046,-20.088913743534132,2.223897139776656,0.2374723688550416,3.9187697433496544,1.191319565181952,665.8346004033411
-1.8200802530659572,9.169309696625458,11.712392120264974,73.8043586248695,119.37194191564943,-19.40305675130174,3.5723692218099883,0.09606952172873233,5.983418354794501,0.5880104219616624,714.9795452415133
0.3974101386788816,0.7058091333549594,0.27995049720711535,53.27231646218032,169.9929324189507,-27.394297983988597,0.3289575297784955,0.359495807261442,1.8128508424121763,0.7341902362491194,800.7133778823072
-1.219733958134699,-4.798306771723961,3.7158598409819015,51.55511553356765,128.1891753180369,-21.27959219208525,0.8023300155893273,0.13186191484971868,2.55442082966416,1.3060160381078694,610.577396811413
0.0027937269547136084,-3.5456155569746457,1.1819213849533667,44.9560259396806,149.7720013292609,-16.81855430303967,0.15738418229546788,0.24917995834281476,6.769617133984138,1.8267624918071774,693.8074973691738
1.7873831493761774,-4.54351887888651,0.30151869504282997,20.160145318232765,174.81287506179842,-22.36769533246565,1.9053811336797466,0.16084830301655006,2.4184084155582584,2.018921131112464,679.8028890457532
1.4680667912683747,3.500809208070235,8.060808336611748,43.19039090689123,100.40630487335083,-16.09613042519761,0.5460533079030394,0.5111329123894637,1.3474724139339342,0.2008860378988311,525.9471122121638
-0.23339011734633583,-4.240029815192696,1.0187148958408998,50.60151471292527,195.0676523046327,-17.690837277883325,0.6568511999973625,0.09169324990410233,1.0785634055568736,2.1614214063284916,824.7774167433279
-1.6245911730829636,8.08339915862603,4.59439849426882,58.278540772707004,164.12921740851985,-16.504228468958622,3.2718868281680393,0.21094732019537868,0.7373457470781204,0.5578947624961358,785.0975679331785
0.7847733101866342,-5.566757060267693,0.4813360469841799,56.870098367009305,163.77990624890023,-15.794405831106449,0.9843749545244115,0.1735984452903976,0.9743419924043425,0.8186001749215561,745.8800717177667
1.1665004102410803,-7.646612796836116,0.7484778188565974,45.73630306168661,188.35940202504815,-23.409499811250623,0.983550625098977,0.3380170766818898,9.185335765001499,0.9643050720269288,824.1437806990666
-0.48493545809519734,-3.94262070621801,1.181158522068934,50.239590938084405,185.7488668528065,-19.183839964432433,1.2025663063191625,0.2362616780347808,4.690002839478721,1.5564815164632726,812.1771018240419
1.4670794412785888,-3.145775077608956,1.7486404265462077,51.53124914247303,110.4801030084775,-5.07361819580437,3.3760035581810115,0.3102581978227013,2.4933621212994956,1.9679023030441003,541.3064099154111
0.16990164677697273,9.230604542147745,0.3024672629484792,48.26894078141358,113.72745570122783,-21.690852940595352,0.9305909715852521,0.16052755618388134,0.9773096025438172,2.2452679130719377,623.7478479724374
-1.2653538592960234,-4.745205681125,0.34847580468266265,37.74086414840406,161.54201251138534,-15.214210870768467,0.6189788677644621,0.13383497910789946,0.39628326856588003,0.5418720543851128,671.9124511008312
0.48136104431103705,4.738159511669613,1.4535013871514673,50.86530021232968,162.74642872370038,-14.978079361459603,0.23213182489161507,0.21259550948533196,8.25661287557527,0.5761022113440504,795.5864769259395
-1.4445348881438111,2.0738868868703193,4.174017951571987,45.46617368837201,171.69263016760078,-21.346058753515027,0.2009830395577465,0.014913236617305028,0.9177028854620441,1.5736083873425706,763.7229612426987
0.9825099654383516,4.0715365257488365,2.3624105265451605,34.93252049686937,171.35007988079218,-22.94092107310605,0.499564967782505,0.48689571944156734,6.71141336409991,0.9913887935769496,756.5654653523392
-1.4863413209246095,3.325583268975251,0.21874089680818692,48.39444761751951,181.2747493809768,-14.514632609346702,0.0404630993390283,0.2078921910749556,1.0798999520499815,1.6955220414831076,808.5205249881401
-0.09523297647046282,9.002029041054524,0.5701405626062837,47.6678030074986,119.55525051022,-6.155348695638505,0.0027240856558081337,0.7759147412717569,9.25243296070047,3.82403137933497,630.9105567697676
-0.9539848511174776,-9.845959336186068,0.09672312984823933,47.594072050337715,112.71209214811978,-11.296547574331301,0.7148367967546604,0.7006391945697785,4.288731221765269,4.510492833043301,511.7505297281184
-0.38353274215100763,5.136202012529639,0.1170059092235273,45.960380170787495,113.83472943445881,-26.778661481838142,1.5193010466786994,0.22135502446257488,4.349196885800523,0.6144313968392905,606.5352836447493
0.7437755290549518,-3.265021574359503,0.14299023630128777,56.89554201517164,163.2836627677459,-24.2117935849034,5.411499603054348,0.23711968227866512,12.037804965692263,2.530535154216354,774.9738902358525
-0.8156453225544916,-7.896063066087344,2.2859858643128828,34.59624458165408,124.82490573788311,-22.3935057411496,0.9652783852029915,0.6710152258082804,2.39838173042816,0.16764304462902585,539.9326210985114
0.029489070508595703,2.0372047630299797,1.5665834115391566,59.67903913743888,100.45769429440186,-31.182465383133565,2.123318979682164,0.5716059716970606,0.4125863523841337,0.4495657646612969,581.6504368531838
-0.15194341732002353,-7.837459610623978,5.2183037040939055,46.887992314704064,182.9112122078124,-25.935661885155987,1.778957179728419,0.36814667114130917,4.185289064159044,1.4070479215424783,773.4224260605146
1.9779849272533996,-8.443509511376837,1.9616481813791657,66.71300768417362,110.7467066202289,-19.911131951513898,0.5182744230892056,0.5243600367569106,6.8856974049008635,0.8936602687683534,608.8081368319511
1.6912286360185458,6.339797588944609,3.4430586663395446,43.632276517004,102.30461746141842,-18.144141882676738,7.046911393131092,0.45945899091547443,3.116098174180911,0.16240973897036834,538.8573949793958
-0.4894216401993228,2.7343163096682908,0.19836875124579728,34.05648293938374,174.19295708858917,-21.422372996808583,0.1590191443130772,0.3400864737303328,17.84811118962123,1.9215637289548708,791.8379185271976
-0.10757069763058157,9.353952056733362,3.9363581613906864,70.16902102285705,132.58652332173713,-22.092981586048772,1.5843792409518738,0.3561176240602341,0.22948985020572896,1.4456588652602407,749.6112291318781
0.5428853058077391,0.5217907032364622,1.2720463032503038,53.6304610914237,108.6875904733559,-19.85960690898628,0.5628568536581525,0.13514750132055534,7.232207115826164,2.0290739374726923,601.9564257599161
0.20091165469901892,-0.4468142779600921,0.07555756303419522,56.620370931734094,199.0555576907076,-17.94917682733073,5.383359543098272,0.09411550553404216,4.836611520404381,0.5907230857701559,891.1945980067479
-0.26321739403026445,-0.9964199233328017,0.9254787344445007,50.21556407252,192.40271487973814,-25.8552598508167,1.9466248127065249,0.27368961805921377,1.1031809208061165,0.8635023627150475,844.3707877085625
0.02462473191199005,-8.487275714527971,0.3331037325844338,58.68014579236531,160.83223749856222,-26.743508363674273,3.660153073355171,0.2593019596314633,9.771427084086223,5.083723362036536,736.7910299946371
-0.7618457547042755,-1.517827875308246,0.020542943071183387,49.083186728964066,173.798020523031,-15.216805596188914,3.591053930066053,0.31109872084165235,4.954223951307896,2.947143839270838,762.1352547512724
1.0125555746736916,-3.950047573802509,2.114563716638701,46.77065097156098,119.19300327219375,-25.36672633366808,0.3926925166515192,0.476007287876444,5.404078914182011,0.6565325476066285,596.6210488305434
0.08327991110722265,9.562154642492288,1.111373275253268,52.356864567082035,114.27555426746937,-16.816110127566215,3.7809249802444564,0.36391741460886,3.2504718192026085,2.340829609798572,615.1166253216882
0.295248491406194,8.64927494657682,4.399674707324079,60.59954113069805,138.53243231702464,-18.57930617590789,0.19198683469184022,0.06212522763650194,1.8009740156367646,1.5998228554619696,733.5270456737248
-0.5677900214532424,5.251022380849108,0.8326593154552051,43.530286794097556,175.0670474011026,-24.8413475562128,2.042837819489965,0.6563313297916932,1.63956216752306,4.182874308524827,783.80703050124
-0.059713173513238085,8.53012262330678,1.7610875225625624,54.494212262158484,188.52066639616018,-21.465542543651654,4.328404208423164,0.09791184299761256,2.039110137562927,0.6835635872100944,885.0280355713613
-1.023649150796793,8.50817560867911,4.080293914594823,68.77368027374975,155.02074823817398,-23.662039851219074,3.726189478959243,0.568796029903799,2.1219151864752264,4.266071590400226,800.4253473782779
-0.5482477009856238,0.6990122944184414,0.5441243742538863,46.53246834003496,115.10966186215788,-13.558555529207208,1.2141077519590253,0.3570543546835968,0.5709189470977848,1.1319222718031032,564.8357532533462
-0.044569228688114554,-3.002458628961797,1.9871301356781923,61.34077696589763,134.73374648333953,-17.896392181133855,0.24861433190743829,0.6519555208524134,10.697760382574716,0.39973295047481094,704.1811239750524
1.189701163973363,-2.647162585123704,2.686369989634298,35.5265045789442,144.46300996102985,-17.26976249044576,1.089233288219056,0.2745388986469037,3.478582456718664,2.490949889908522,626.5394403342083
0.16173171309553602,2.7493299492170546,0.07709653712331489,44.27600904745272,166.44962938626475,-20.93043357473813,6.652639586330449,0.35111911089969855,4.115464561355145,6.899407529817989,714.8394796034539
-0.5015969812532272,6.084100888627116,1.6852539114633835,47.13942837746314,165.55862741505814,-26.445273513045493,12.003754291504213,0.0553626256714174,4.347196680198479,1.3316867255174096,740.453991845115
-0.3632964660562917,-7.358507557637437,0.7358738852722779,42.21493379296746,157.88695286290726,-18.979986347460468,2.4717173969428377,0.0986831235529948,4.299335080235046,5.282962001153372,662.5217618276204
-0.1593883116911764,7.905125039367157,1.9733434853613903,46.16274649370962,120.34366230890568,-8.981699931069777,1.1894027190366545,0.035583608516157106,3.219611082258339,0.9858704408907478,612.9747798993511
1.4843432522933488,1.5366078517017883,1.1078464845067726,51.6072943806875,171.43191437185175,-19.299749304964916,0.4318713001245104,0.6065802835375668,3.8564982052427332,0.10097684931242515,807.2635162514686
-0.2939494239644114,-9.581272992099922,0.37339997617739296,45.552412595813436,115.5533990391405,-17.723426116188453,1.159456094580159,0.20176427679305908,0.3373881239540305,3.0675740780238305,512.3844644610012
0.5273994189682821,3.38656924080518,1.2266162425875387,32.08956580805247,137.73805521653014,-15.784305169184655,0.6056383837680476,0.07087450257481331,4.297516117541649,0.4900033240317116,630.5428291438977
0.04367815015123433,-7.222807705394461,1.7424024999579475,44.200898002259365,149.87494842878823,-16.999449229464258,0.32286062142204963,0.40252323260419837,2.222883243289639,0.9402864573756056,649.0549026760968
-0.525101221711892,-3.7058086367525096,3.851851937474235,62.64929042877679,178.53762459201727,-14.956625784816497,1.2875976365924995,0.1718364626187689,8.313913006865121,2.2524226990137084,832.3271201340413
0.38796836293517784,-0.21415316748415414,0.4718110821145744,59.47417570986812,173.52745946017677,-22.50465818198036,0.065525797025936,0.1708374314941975,4.461281298187848,0.6122912383231155,844.8199209653573
-0.04089261281365325,-2.947421542866837,2.5160606604924514,55.3274276541568,110.80366173831055,-13.311635129295945,0.2662865984441051,0.5433190454550066,3.043377557596156,2.511953938333966,567.7108863955888
-0.04631108952333345,5.616555111917748,0.8147362010888328,46.2506835813649,138.54733373009338,-11.99854272044012,2.227576581467344,0.42960110465701534,5.24322395159614,1.284044750502073,683.708937949757
-1.1436764123693335,0.06648506333685411,0.8782011597659034,38.09188780180275,193.7831107378505,-19.09685375885148,0.09123449516209797,0.36899362123130774,8.606816880465189,0.6020395963236825,828.6361444020708
0.36175118233946485,3.8282749461085253,3.3307844555650035,57.7063103249339,108.01304426595603,-17.783543672094492,0.7267889225248879,0.18394052030631997,3.0980677113398136,2.2647607111688366,600.8740913101874
1.566230836119463,6.637150960383735,0.055650298011259744,55.78374150360378,100.5550360316647,-23.154175863389558,0.20301982503503624,0.34108238238181743,3.893049048770272,2.1538430952650303,608.4210454809996
-0.28287158795723855,-0.4622047777912819,1.8435824694542677,57.86877748248405,176.24566878285094,-23.531247848648828,0.5803341914522929,0.390111359664841,0.7202068237378543,0.6075970701592575,826.4760584831682
-1.3419489349270664,0.8619650057591794,0.6651337196826821,51.46145109393232,183.62934493242722,-22.230139265462576,2.445486201539777,0.11507746994302342,2.816543885514022,1.1483839749933122,824.6856210582428
0.5036153270241747,1.474575686773198,0.4418388857510143,39.331619139177135,102.73625908784572,-23.339168483507308,0.7048138633188231,0.7019450517106114,5.87901313701183,1.3107005518072596,530.6502539931009
0.11563401796372892,-1.6340170478686993,0.7272035835392927,46.47488922361662,120.53508638938308,-17.488964434685535,1.680888108740217,0.061242368706192415,3.3573253793382762,1.0909465643995049,591.1738425329615
0.11755728771555889,-0.10832179683367471,4.118153155380422,46.80922685679377,193.8755915730803,-16.999417210720217,1.4132921078969594,0.1221639785374617,7.067615651419711,1.0321922927887288,848.6145343439966
-2.047488576598975,-2.145162199479813,2.4248254578719277,50.11687798316783,189.25373046070743,-19.41221163713975,4.0215144909153695,0.43285513353946015,5.549042738934733,0.3392532684502683,819.5044295167482
0.7854014922552162,-2.4431524135864873,5.8322486647204625,42.81234827457899,189.27653888054272,-14.400387642692044,8.994064971574527,0.3311150859634732,1.0296518989887646,1.4174787510600098,757.7074154037956
-0.4604577858089321,4.655507618056866,1.1122684501790037,43.462443109045495,191.37484254654098,-23.247604911802664,2.246751085819121,0.5969890586990981,5.1116981002962065,2.711486232064812,850.1004932790588
-0.15707030649095913,9.612474527759524,1.3583139223021135,52.52671514428634,193.2525528937682,-25.55025801655473,4.3373754804016285,0.017478694830842533,3.342851722005178,1.308846631599713,908.8641569153926
1.1059689829586279,-7.866992375969226,0.3246989878409165,58.19056209651052,105.30892183681337,-14.435458279928927,2.289734119678964,0.38386605316014794,2.2547523369607507,0.27889245474000685,539.2932097002222
-1.0531224388462996,6.7148898400923684,1.5066859030498176,40.70251428516919,132.30446816097285,-30.9384610277911,1.8675644265658926,0.528771998703074,3.3770877786739546,0.3641902655042045,661.851028929673
-1.3238909854965535,1.3038090017181254,0.40161934325276,60.472215003384136,130.0337135615236,-24.248365197963302,1.6085781635820788,0.7245727259823324,4.594562022475917,0.9295737582409345,681.1244377804663
-0.2538979659565598,2.1159214965052957,2.834428078292622,58.72482339488096,104.4234504140542,-23.525146624965394,5.905075962658226,0.33341566320312,0.9207285078932348,2.296054912592156,569.8119959735284
-1.6026882286566033,-0.8871411238799851,5.2783673507767235,45.0362630853692,102.76351528277301,-22.645348374516853,0.21661577384703345,0.4684919503360671,3.911237646293208,0.9981575804533458,530.4458954701007
-0.3467915045705097,-3.516840429844093,1.7710734461857505,65.29687450809028,162.294520042241,-26.135942342839552,0.5135312299484301,0.18658689730033115,1.3478147843568513,0.26281547561851093,784.998357756756
-0.07011006018050595,-0.9408315876092459,1.2013471437086976,52.02091290236997,155.04962989355258,-23.035459842774777,0.5596541865671338,0.15263261691776786,10.321363860413108,2.603732397560688,754.0937669323577
1.0576316633450877,-3.823834264577714,3.6140516218327083,52.21584520437939,114.50562336907252,-14.840913037775044,0.6414137058750269,0.05653958099237653,2.0276384132687673,2.1831679686369188,574.5359430346027
0.3356295957642161,4.021246747299552,4.857714704857113,50.178508350568926,121.64651862337993,-17.49707605876072,2.7140323943776314,0.37718584699255503,3.0547960270851435,1.281001536474487,619.6399408460364
0.7246955464897249,4.060771468299629,0.039484229035415076,41.91642786180367,133.19330653596037,-19.718797157467193,2.3861344099980797,0.0654862356438184,7.597381202007484,4.92685200604321,639.7004257228909
-0.7232235509068002,5.169393405978578,4.602910162373587,36.42817432122696,126.42367018567006,-29.797212949975517,0.4846178105143146,0.21803415424808037,2.0261321520502342,12.40110001259081,566.0379239747482
1.115048317202663,-9.140755095978797,0.6927830357557916,39.89828555104539,159.61674287238338,-25.768273890395108,2.939525042975972,0.5976686763920636,2.082269766413846,0.5437251507858208,662.9692192405467
1.6028071563586066,-1.2562221404204728,3.205719734652559,58.102675259515685,188.82318411090995,-18.898769651184335,3.0888888384382924,0.2324233100320592,2.599360735837811,0.15995896227249012,860.9825195110725
-0.004875807335385975,-8.574305433600804,0.2576391772942317,44.93872056441062,182.2498421687152,-24.550162846932228,1.3480217071743161,0.6328150469560221,3.7895941138058498,2.053136735238488,763.9159852074486
0.29878170115749936,6.4457990122824675,2.2788207229918545,62.01057794300578,189.0403747151492,-10.055388640904413,0.46245262014114474,0.24725352732182326,3.0206642631708407,0.18346883887472126,904.573805517578
-0.5223727436678358,5.436524915454301,0.9455918875153039,60.19925902711819,133.31255008911313,-23.163182746260592,1.9258353072635355,0.17907339173327078,1.2964819508303005,0.36388795161846826,702.5727753158923
0.1565481795312517,-2.1563846394062764,1.578813654221412,70.82555056745261,164.6787862041724,-26.8149815789198,0.5994881325221637,0.4269404240020966,4.300346411355689,0.02706100076932324,838.0968190788823
-0.22767312018623123,9.337206323240306,1.4522817403793544,57.32611890320795,195.97406578667295,-17.565618381858986,5.2444415945500715,0.12555797833027363,6.838472335821006,0.5868109014215904,932.5311764435381
-2.1216880748830795,3.359620845924262,1.924872146018621,63.37401921478116,113.27645074200973,-20.574174186805543,1.3999193067103899,0.22511735061940658,0.8935417398001376,1.2658897303949357,630.7231251658893
0.6075971585312046,-8.194066896930005,1.114192597110791,42.40100004554408,138.5519393307168,-19.827777156491805,0.8948626225108034,0.32162899826880403,5.709586539103966,0.9869371755605247,620.4305225214555
-1.009211599182249,-7.3908722662731074,0.7807198054143216,48.70406585232254,157.83606504110287,-24.726612636477658,1.0561747175772487,0.30389446874113707,8.738935800705598,0.8560003693835908,717.3190438615703
-0.8653913494689494,-1.4471628021022092,2.412423644404649,47.71391155404147,185.58958611681948,-16.084257938764686,5.790661727393037,0.2309481196077902,0.5840247346412463,2.2996261214696165,761.9700787832328
-0.15686363770386147,1.3614697611067115,3.0281822094463644,59.91707938009941,169.15813705762102,-20.53198239212862,4.8777178483577135,0.3706339799559599,1.03662257966464,2.6168856748289238,776.7761138939577
-0.32151580226585863,4.155893235352369,0.5216892559297087,72.61697909703581,159.14840408562614,-22.279688504134906,0.6977125031191153,0.25139461127641805,3.070095744951865,0.9414753547933761,842.1726026317839
-0.13032291441495986,4.68485901519157,1.5291156735540499,59.13803266608829,112.56101207417814,-20.08432311910786,2.214031211075447,0.23819073300641047,4.655237050668312,1.2119956712889464,636.2371420535827
-1.2667253060952106,8.155506421544601,2.117252341521166,65.29602591211776,161.4965941578505,-19.881611546101876,2.310652404686057,0.24109917253088076,7.187794185039618,0.8253070901833217,843.2494067934075
1.2930131099516462,2.115337793670477,0.2659890514497567,47.67506070845526,167.85762817997005,-16.065218456024212,0.4359197327576474,0.13825530929493102,8.524281530278916,1.646620388727406,794.729188502929
0.25883435846001784,-0.24932819930141115,4.751512174014108,64.35826294274598,102.55996059040933,-14.71802381308176,0.09569646098419902,0.41881020299794935,4.36310694778582,0.30351551617936917,597.6936877414315
0.6174317549054575,3.6370315217405107,1.520353965175377,50.034282643754324,107.74154510528652,-18.034898557322673,9.412047780321833,0.11972892302138886,1.6894381167004862,1.431668084586621,546.5931066062545
0.05008598179907723,-5.113906923098039,2.3348150832649908,47.65730452605101,169.51386335159046,-19.9125495667954,0.10471098729726142,0.18067690582174292,7.236805735972757,1.1000274980860754,758.6097481809619
0.7579154702497737,1.8419021445136536,0.7825553756443179,53.38451601434515,164.86471660899142,-30.836327259233155,0.27441434953214416,0.44006809444348305,2.8496636318487374,0.6668096877677773,801.9338292851986
-1.2478013100573808,5.891385718482727,0.9316846984717331,50.98839060657515,127.82973401348167,-19.709544812719944,0.49002285744181867,0.2012319932402072,7.184505053211874,0.5073156903448668,685.7737311008419
0.6687503153448665,-7.233232984737159,4.557548253652139,43.270256173442746,187.69146648342877,-19.9420772459885,5.578338946667757,0.02211287658601995,2.8855427840562227,0.9805803875386105,756.6902254564543
-0.40324720579104906,-0.2819309558280576,0.982204838612888,51.28012746159672,125.69158043623278,-21.666105130585137,0.8659119778263425,0.11404156157076872,3.166186276942322,0.2579791346209332,638.8585226458597
0.48680053538821,-4.561938059319559,1.8068586222943697,49.37546309473084,158.18028326208895,-13.01466878037431,0.3229385293671216,0.22259264262985218,0.9276310831562603,5.560856677482651,687.0020038846518
0.5195310381591415,-1.033512530969558,2.0168332893918755,46.338659868195485,137.77567911659213,-27.871925929244497,2.1932000026615874,0.20209442181345433,2.6883673143787696,0.18807482973015943,667.9094573084383
0.24086969602134536,-3.6003982714130434,0.8312239027104518,51.214003536806764,149.0347773909126,-20.56108463002501,3.1528543361156456,0.3336808093039576,5.941434628658555,0.3543516605656034,703.5477552970337
-0.5416120270375818,-0.19929123280425642,1.7049168210139527,59.55792653991787,135.7236115528175,-16.08121937605825,1.7844760260495711,0.3563798283051151,5.8472695632898075,3.5259528317535827,693.3911446745374
0.8697703885764707,5.947170948260233,1.7534770028309983,45.02021339168477,190.6228900074831,-12.710769071329805,0.7164680501514278,0.19860937866228245,2.613324338757217,0.9476932104412616,859.3918099178176
-0.4599802999936577,4.779206851894276,3.9309706889368212,52.02795852019513,146.12103230606826,-23.64513710881097,0.2310887341021504,0.1681419823829661,1.7025054427096629,0.7221030126398938,715.0636701943439
0.17558989247935738,4.498851960839845,0.09048815815736867,30.366135502478983,151.49783899794107,-18.206904327097853,1.9440456279147695,0.25633842169514276,0.5662031699118502,7.479789603991113,628.9277561831101
-0.7925751532984867,-5.015765123933291,1.284044003170528,73.08005657231482,168.71057940934153,-19.092354745523874,0.4507204312548583,0.11109397315750452,5.766375417567509,0.5390800128977158,833.3215607209457
0.6188820702260999,3.641787858989659,1.3124489937586554,64.79871862361128,194.08053993127055,-28.596276005752415,4.933022419767269,0.10737585064283849,3.325889931588588,1.7377613433235883,922.8521905979479
-1.5107440360581246,3.883986045357462,1.333090087400723,49.79184494506271,141.15829705761212,-20.51657647875281,0.05669055447974791,0.47096978598034994,4.8724273099950075,0.17459382958640263,700.8664753373237
0.17351412399604166,1.800005564914544,0.10990423317024138,49.07662032361555,131.95434940135908,-26.995690771831136,3.6665578437039903,0.4923383896821805,3.4444686512442124,5.152311975632659,639.2751040525357
2.63922408600919,8.138923122181076,1.2616843807449225,45.456266161376305,141.87351630005722,-17.84783495427773,4.041324469010836,0.155006189295877,0.9489522561860244,1.1662061435586168,696.2822729087715
0.6690396621571136,-7.708084359373921,1.833962261289514,60.17186271980418,180.28943833324365,-28.384671629797033,0.6955905016225215,0.06110961562929312,6.552136315169878,3.2543788810100907,825.6676049051869
0.44355474563473984,7.178157784858691,3.867800484641917,61.758946128051704,186.39736510586698,-26.53437172013086,3.073779608699797,0.6909091249571502,5.92277657773993,1.1591056175546692,912.2332321806799
-1.0138844096694457,1.8225152550071844,4.637878327964372,46.933276738857764,179.04459191764553,-22.065830216158886,0.6965307254110732,0.4056530089958449,0.6452745784639844,5.33300229337929,774.0592463498484
-0.12440629519005386,0.2971769725192459,0.2115505201668055,50.95661416770216,149.56474734167824,-22.06779080553523,0.2385456804761026,0.3425258818086593,7.637043704734489,0.835963685817138,730.7674658047652
0.5866154938760245,7.26278101449504,2.1016679348138427,58.12669198828884,186.38279067216263,-23.14737095961511,2.5313097477209943,0.09751408568745082,1.7847850939822862,0.27396727344203126,890.2051053311908
-1.0074696120227664,-6.65124007093233,0.8564595067459552,49.2111212688262,106.29520656202706,-23.07590038319597,1.2347430871072684,0.09397901623971579,1.4985491226537404,1.1715271233742235,520.7766138106319
0.29468368086420316,9.27789532196141,0.7680543151471243,50.87155928038203,151.28709576099442,-18.862572683042345,6.38330906103536,0.273426969404959,2.585278305550818,3.4009222977188363,727.738714821454
2.136255390330025,-3.4144194110176667,6.293925905078742,58.890341357065054,111.75301360839055,-21.865745180692958,1.8877524533663677,0.5187062289915778,2.2539242505630104,0.6784470429992874,596.0323362705956
1.5400670623958097,1.1176348495411013,4.1060650793584115,44.85577828339422,159.20599406321003,-28.03297503100668,3.6322910681478713,0.7191331669687296,0.5787806184374733,0.0555098795269034,719.161945203435
-2.150889048854476,6.72904656731227,2.3303566449273165,55.58562665403933,108.57772290814138,-15.288463455005079,0.3156204686755544,0.36307772661465093,8.700189700872947,0.25877569187739136,625.3813667396274
2.7907549955738653,-6.853276669906423,2.8248297654868955,57.06333959352321,170.58034055988458,-22.61221758116345,0.5841709000632299,0.2953119834456803,1.5037990608533467,0.8340523197482329,794.0565783526307
-0.45552444939477355,-7.880511596421456,1.507344231683121,47.08562980570034,173.99096609646878,-19.370564010225607,1.6279042784007451,0.2716537157336149,13.751096324240203,0.1169710482784297,778.9824646733654
-1.1646737100609306,-3.5440733448105792,1.8839154345311129,57.851819548331456,107.46510786128526,-14.151603496402448,0.8528646053224667,0.3271263549329291,2.0545652334946416,2.647503390650684,549.0626149056212
-1.4189064450596356,-3.3247300092987286,0.3871466349966023,42.693786133654385,198.19929489494334,-20.790406823350267,3.5538717235182964,0.7791316084939207,4.626683333819003,1.1419995947701496,829.6276195330518
-0.8606339351737254,-1.1250845168382462,2.7476886304348143,45.815491116438395,147.47496241553193,-24.405212098570008,0.31958118697972304,0.22108197810629449,11.464921389517347,2.047705196509818,705.7373414826111
0.3834305130624851,7.1988101453385624,1.7503553249247739,73.63999529433879,123.05529283273076,-24.4245618251921,0.038368066291772515,0.6182578143420642,4.880924220006024,2.746857671647652,744.2294357884911
0.17607949872288253,-3.9711077189709476,1.093333317296224,54.82882814574303,190.73723771402354,-16.193396068078343,1.0149168359631424,0.26450795162533025,0.6991334838667134,1.9712714188729912,831.0030869056441
0.4741222806135238,6.489422040700283,0.2934499117718202,52.71528097902333,140.46852273789884,-20.394887173622035,2.017395073072435,0.7182912760523068,0.5117603840482234,1.853399042899031,700.9500336480914
-1.0443003883396853,4.778531031066983,0.22722674719413669,49.513719608957985,173.908606095825,-25.30446888502138,1.5871739074006614,0.0757158867428188,0.8965951796389825,2.4788187925368392,797.6663855656528
1.46536365462744,6.697963443912876,0.22571633355560286,50.908928504639626,125.22338421742411,-17.680836838152608,2.820076226317741,0.1671945524624052,1.9245818077225938,0.21937052205030008,657.0238104590868
1.087734960267125,-4.219307018626932,0.0627294021035154,63.98087510463214,193.62067598983248,-12.693165709008124,1.785683947966197,0.31647145423994943,4.418580174832012,2.5684396431085617,875.5014693074978
0.12044753244425098,-5.934625512780832,1.6302123861927487,49.80705423552042,165.33508296711818,-15.788815850105278,2.3334621822082164,0.17432229960869022,4.673707274042073,1.083221014331156,734.60453073931
-0.9850115679822147,-5.937820717603406,0.6572509269325506,60.26012548655255,125.33517289111317,-18.702849336368303,0.2076547395185943,0.28362624454191443,1.0684293149829835,0.4616408949739474,628.2684000790205
-1.3226649318341503,-3.5514673772506704,2.8923542681974124,43.304608194246576,193.00370605231967,-21.882606810088756,0.1570235560698991,0.11938960102776046,2.014756343047291,1.8448218062896384,821.9737509009211
0.5883489072057279,7.290747435100627,3.145050134187624,54.666618296508695,127.63437454516688,-21.72714436324068,2.9812366244799944,0.4317041831502809,0.5333530712653677,4.525018709302128,651.7924394329788
-0.26003032812356996,-1.6487725818119987,4.297394993064811,45.4007964186107,155.33616197357696,-15.474615466296033,0.8688010386533306,0.17209054934843807,2.7038867867896657,2.149026458813338,694.0808011476272
-0.08567739783036034,-2.3791970844140886,0.9573095442307972,49.26423178032321,187.8872144143683,-15.834916980446273,3.393452505017345,0.3948969386464578,3.3887768444766384,4.323991724486471,804.6516430703651
0.35026703913553014,9.065114971593616,9.236087145824118,56.586884747159914,150.32847750495847,-26.77400175064865,1.6140359739751098,0.19255274933526795,2.5444323610091426,1.4733050241177406,767.0292219298414
0.17624915169835204,6.165505148577314,0.8561434090566173,44.71086559834665,164.45072744157588,-21.1512773833489,2.029297918977031,0.3638752660906377,4.143944952832154,0.6284512629822577,768.6860076866714
-0.12484473875872666,-6.958052931210368,0.6310857443428735,46.15017855969579,145.44105775856542,-18.3073869050633,2.247548342181227,0.06362527537490213,9.36433787840891,0.28098147265664797,661.8220309438836
1.8192373046787587,3.1261768354687742,0.8962072546551725,42.63728255223733,100.97039264343282,-13.479099049025352,3.2244759678232735,0.47397421822264624,7.33372831759611,1.556282039466762,540.8754821023311
-1.5698419155532977,2.3957559107142963,0.017965022997036447,51.613768335594585,105.81495666600841,-18.29625540545057,0.3705256777153394,0.03789842380693373,3.5829487618398126,0.3412164162012462,577.6778063885653
-1.2188877504192002,-8.736152993240287,0.29175868886566136,52.410083980051986,157.67864210503012,-19.021069515408545,3.877322781920878,0.24411277486391017,4.27739235218635,9.523125974530346,656.8320412228414
0.29167076103505907,0.9269850689607324,3.763542769995689,53.917893950737394,197.71328652058872,-15.889554921795675,2.1466502278284447,0.3503732796505466,2.4720328801649702,4.081795968466573,860.3952737179993
-1.9396851898588372,-4.99539477540635,1.6451927383343536,57.37696657219932,192.89733936278188,-19.688138659354653,0.23437083779646156,0.29782066702904253,3.168210060423245,7.56676661879564,825.5545154039165
1.3245784303945134,2.7462753784005933,5.774419175883968,62.23245215108777,150.5933322162811,-18.939389774982622,0.7534822536113394,0.4673537900661765,0.7085817818408975,0.4300260499008617,767.723043473725
-1.4685410087223822,3.5731910884199003,0.45783713795715913,52.161654814257275,127.55332907404218,-14.05470171496221,0.18545839609125692,0.28799508154668285,4.214620680325019,0.7189301770560396,649.0861485753355
-1.4467489539185059,-8.322914040585632,3.856668969511128,57.131884525561304,122.45527724205043,-18.11231949932065,1.1625459900026271,0.20076301038634772,2.5218363567700037,1.061782797470618,589.5374084478265
-0.41500389234825236,-1.3845415693452345,0.40593606322568027,49.79762575358506,136.80136653458,-21.60103813706345,1.926280278975676,0.17446911268209817,1.7505056869546474,1.033047546664033,646.5985195428232
-0.215998214030014,3.893815511579211,2.210100828239354,64.84982277126653,166.44358672532593,-19.057986947224432,0.3335049707947005,0.6437053076147382,5.760503280554902,0.510106237419027,846.4911927050248
-0.4780703016031972,7.751739404952961,4.683128060529259,68.10713017073192,162.19666518466153,-19.202153740518572,0.13947333711542872,0.18452274588293485,2.3531822592476197,1.2822811966509982,838.60746798273
0.1549064304906386,-7.321200077483809,3.113957499109205,51.9909646369414,120.2160995026954,-18.200342608602703,0.6988232696167033,0.09446315275095833,2.817172522766562,1.3700159594095802,573.1297499965062
-0.3475067646378484,-2.0019491182709253,1.1678502308738443,58.85618751657958,107.23532260371442,-13.466269212990476,1.9819241077286163,0.179144355781131,2.620828268491128,1.7425661379403943,575.1513017575139
0.13802367800279491,8.665754989183625,0.21552605794011057,37.045048687151905,125.4469035827411,-15.088092012782493,0.6373912403577144,0.11688315634614946,3.9310965534712037,0.7206707272144951,629.6108586378093
-0.35116723176919906,6.4049377936062335,1.5976820596088703,44.9931826661965,186.58430799750073,-20.61282991345279,1.154308259010849,0.16694486178591686,3.9432903758820954,0.19498529772298645,852.8809075096727
1.9686830616370035,5.068189896292655,1.0815374701875708,52.09693930477253,160.76172599812816,-16.641924576093594,0.9184771404066538,0.3478990108779056,2.1877541543387187,0.5146092397680796,776.7520010597058
1.4470937138103759,-0.6395542321417214,0.6169908741182397,69.65621991471208,100.4388973962656,-24.65881044088367,1.5498430903558997,0.5906423833200659,6.82930483042106,0.4109676617552109,632.781899331318
-0.14402576413017787,-1.8240596239474165,0.8069863967870634,50.91903545768698,157.48778922877867,-34.286481940984345,0.6444173347517758,0.0611860715878946,1.3151412997444871,2.645435985512621,739.8374181808463
-1.314436865066337,-0.3986164709995439,4.087822386901673,48.097801794618206,141.98046528244643,-24.531371791712576,1.6783737974667774,0.28017624640589034,7.5970997274835295,1.3561277242719487,676.4631287811093
1.750986700236423,0.1641562490814703,4.950657006249828,45.932831350595855,145.1482921723962,-22.884998197950267,3.7559752119125642,0.16524478720548688,0.5662706689783042,3.4170106126703477,662.4335321472572
-1.2775290085002022,8.393514236889267,0.021590993613821698,55.53950461351132,147.1385930102304,-6.990088244320951,4.527662970708032,0.3234125246330849,3.6836421376903146,0.6693853145644515,730.7808792816398
-1.582152059667099,2.188098714356757,0.26110916331245204,43.05633734859521,120.18324175290498,-21.50450539160864,1.610152542199096,0.1306739445742013,3.134761726693041,3.916287851987114,568.6356823443459
0.28666410377911744,6.308434597480645,0.7140352904693825,35.54795691799047,184.22038619208553,-24.552838582003595,0.005760944858008552,0.17305928509206084,3.796321840370923,0.8962218280537464,817.7384430227146
-1.8038839785526084,5.647209305813664,1.989282682451027,62.399168587920855,136.08281096391303,-24.466714812112013,0.34105263675388303,0.4432797939833882,3.5203125930546664,0.44656718180931276,732.8043623620555
2.2746021999367656,-3.1277340849419595,1.4272419033853951,45.78946623187693,143.66813370356115,-13.47517157963403,3.6286669942934857,0.24632867826912844,4.228843757056513,2.311533303208155,649.5682894136887
1.283662942993845,-4.364940451043633,4.602728235321379,50.564208178197504,111.12473526553084,-21.588869828549,0.8233234849574826,0.13523322088851494,3.9327276630394365,0.8600172581411023,566.3442581445108
-1.3872198469782473,0.21445603428229987,0.22102533104800698,42.32265343503445,164.26045304470884,-22.850496958002346,2.5244045856299806,0.3338532904377652,4.510248658323015,0.5926350680742015,727.3401867756712
-0.2180675105522983,0.43065133484917695,2.396805403862811,45.131804671674644,137.93015647459805,-16.65431713971426,0.5723992936110931,0.5157237593380909,2.4805008027834163,14.490107885878848,581.950516266789
0.20590768450505625,-9.617102902901298,1.3181311628783314,52.051638271904935,197.88188860757484,-15.304283887638174,0.07567633913313362,0.43800320601952225,0.7119003228452455,1.004000994818245,813.8042383146583
1.319099579002954,-1.9147075229034307,2.1879272360226523,51.626552092413014,166.25317747444805,-24.618221266285573,1.1287277669859317,0.1258369719923562,1.8966455515488982,0.8705901797425962,780.8210525291171
0.453368597251313,-4.667887806972352,0.8475535612328594,49.53113865709757,183.16887029120858,-26.983713661604575,2.3164228746716273,0.08114297155265107,2.2344758286016027,0.8926252910401885,804.0364409558726
-0.7971596833795632,3.2348300852620966,0.5651190465721448,57.018627596983706,192.59361334646766,-24.01543382357056,0.6817459648125855,0.28225408724378365,0.3132980434776715,0.3796224481688482,890.7272746319834
-1.7200702269354895,-4.420166384483537,0.9804262911069828,50.85933438029519,129.0856341131905,-21.954902661019748,1.7391497382227872,0.2210862302305379,1.4258494481945017,1.9494083442909889,604.068866955014
-0.3075539209108162,8.0342565890879,1.1422361586834895,40.90924850307594,100.64280140939623,-16.349668197051518,1.0287389704955912,0.29399191165293415,4.004633701898043,1.357039031717018,548.9891644752148
1.1086669445289314,6.39900113494739,3.330408405352603,50.178585741292196,157.84598635039868,-20.237794367961236,2.1343869440914074,0.5577098056979533,0.7746426751575519,0.5045315986006504,754.2594431445455
0.9035733224142538,4.752023681185079,0.4057270394939565,60.41001701572813,121.5937247897064,-12.988026594009522,0.3621470402612701,0.24232923706080636,0.4481557483805398,0.31735089190063104,664.8337944534429
-0.1556118765034596,7.313958981304282,1.5632911585176177,61.48915058163675,172.73897076196837,-23.7494272265231,7.0025848590090645,0.18949084744043976,2.946170309465271,0.7794274712377217,841.209013842914
-0.04345542984270377,-9.888353563009533,3.1483620684800493,67.18810485423296,183.2311421622161,-19.842102770031225,0.5866760053446971,0.320538661319255,4.199715096180134,0.5728498302173683,841.3070032101234
-0.04197482208673751,-4.033588314556152,3.210169956100186,54.54588153178592,181.62820618754256,-18.765193535145446,0.7469280062762484,0.6729828154264308,3.3173239218728825,1.123025434262235,810.6646528909322
-0.7241635658706153,8.274289791769203,2.5356798110505987,56.39553439114205,172.85406149197425,-20.367882391727186,1.522957857550655,0.1539039315176715,4.930032707515063,0.29932505481383287,850.596641817517
-0.13521863373962653,0.8322138151447938,2.4077135999907164,43.34998052989537,159.31486029632666,-22.607341719410613,0.41392483714939177,0.11318846994842442,2.8663691032079783,0.6478838550136286,721.3677340000518
-0.5747398586881235,-9.898187696130506,3.0542467655028473,51.823447437138626,116.95956572437294,-23.2816811344389,1.4047041191677037,0.5560952542073345,1.1712879803698741,1.1261641243982965,539.7720865382839
1.2735777224549876,-5.185505328137177,1.2891541590723155,44.194233829974735,125.78948393432657,-23.03444376475194,0.8146334935809396,0.19117644170988757,2.901644421149708,0.5580441171501557,586.6463200803346
-0.6835505787265282,5.569460005532349,0.24403499774461335,26.65364191309731,132.6187612149662,-24.574480062118894,3.093751235525938,0.665750780047409,3.897897471390036,1.72675911505041,593.655879704116
-0.023104273554842444,9.922170572494139,2.802121610695959,40.44425472623012,120.87237921579812,-17.6301045744685,3.5187731546312944,0.27857918881151045,1.2829969433681012,0.9838414510433393,605.468927370369
-0.6006761593896869,9.697970166277205,0.08592846973691536,39.95403429305711,197.66860962041312,-20.222595160196253,1.8011612821446659,0.2600232101311065,6.430756545458159,1.0712866888022623,889.8302473148051
0.9035704027487211,5.354654033633556,2.6730642868100403,61.57091564839982,134.84720613081086,-27.302491162655105,0.4096328684789546,0.2421866317987996,2.3417384533614634,1.2437663204505047,727.1239130752693
-0.9932059549180748,-7.92347874718301,1.4894025322986197,54.72648415929262,101.58412600191127,-23.993628590604867,0.48906809286898917,0.45180715876049915,0.8156408289803955,0.44160349177242036,531.1600372043067
-0.6229156595451273,8.742397629104644,2.116518498079471,42.59798497565972,146.38628901007928,-15.895416372809432,1.096539308239777,0.22168102045308524,2.8403664676853744,0.6974173512932546,694.3777972846287
-1.065043565832496,8.348116970387942,3.4438468053283318,55.93812528602853,113.64546798507823,-25.199354624921035,1.2144264895214225,0.20661584384061446,7.346979177036803,0.9246284919572731,658.2895546017847
-0.01758419318593867,6.824117757505551,0.42138877455795976,60.21659573542378,146.9229071877699,-15.542619835088981,0.6813956468826518,0.2677106624348436,2.955812227125271,0.7386307844341883,770.3659423728758
-0.2417051268704529,-6.397744730860819,2.117553324916985,54.687277035566424,168.05070992551137,-22.397651338110617,1.6449606426733325,0.1621555224518953,2.175659139097519,0.3903466457334145,752.9184457453686
-1.6428926131310784,-8.351995898765326,0.7762052031608431,54.46145960324492,111.0662299527038,-19.79950250776718,8.02355071103911,0.1661940533565112,6.600128430436571,0.2915054991762353,530.3535210317838
-0.27208686287530726,-0.2109592525543409,2.752758784562906,74.84518761895612,189.52221495279375,-11.310434423344258,0.8175855154529914,0.39244245963558333,3.2893519994432663,0.5976903926058871,912.6475582871396
0.4075821663663184,5.399910688527399,1.2106742145697604,49.00546456969723,147.7440862205812,-11.992142826437462,1.1609553935526553,0.014062891452330483,1.6716552623880387,2.349277408719789,707.1402830887109
2.5195713710289738,-5.507487399384024,0.9194088369600182,45.94964653135998,146.790400782238,-16.0731939186991,1.0914323171132831,0.5890200052212461,2.3076226447022457,0.617586996970123,675.2562631497525
2.305015998672413,2.8851608843102277,0.06427044064408331,53.35578214205325,160.8544287478493,-19.192389210355238,1.3215310834212335,0.4956797066371895,8.098606318983267,0.47042099385502273,801.117900725593
0.9073756624606355,2.1374291203756286,3.3186262909859665,59.16002763365886,126.87259185107126,-12.124373477093954,2.6029038248295775,0.4592308881606966,4.233298591288171,3.4402244868574883,654.8233191600998
-0.4300835904585605,7.077624680558181,0.48885739220105245,52.8777417763673,112.41375676797465,-18.722864285779153,3.8585316181761127,0.18957009471815894,6.749620654213383,2.7408507137556404,619.1636935196641
0.7785330643066367,-4.71331675224093,2.913502731677021,60.5667217418961,120.77581751665795,-23.473000641004216,2.2160391753668636,0.32756322991867065,0.6670138422045775,1.1848228254353708,621.376995690465
0.3631115683923724,-3.275879633164931,1.5906536479942257,64.28302837038888,152.57628408715004,-26.05010889369366,1.3571821333520813,0.1547995195750109,3.562335285895597,0.9036551694229412,762.3148175120547
0.5421131554316927,3.8517115073127037,0.6923089480875999,52.03051723634397,153.06335126539753,-19.402177120493043,0.9689464072952958,0.6114508527304631,0.21534111832689862,0.8841344713966736,740.5415512765067
-1.2742106624681284,-1.2852288463787236,1.1574851355081646,70.89249665202625,131.3260155929206,-13.812053303379995,3.2233848331550856,0.2205007032322686,15.128909526180665,0.11966878066809469,734.0069453225511
0.3814196310572564,3.338506961927701,0.7650509815232815,50.03306236754523,137.16001747711897,-15.37223649315709,0.9009215185921194,0.4639525762986191,11.245682484609503,0.13251097497587352,704.3388980033671
0.4085361223404768,5.976469966574033,3.7308574862420616,38.64565274553082,183.74129520456614,-22.135415635624476,0.107078319818311,0.09089721611138393,11.289345838522726,0.2121007076497854,837.6779775384981
-0.0636208504623538,-4.1505981490120085,0.7207562182210714,42.244552840353705,115.95512637020957,-19.89714135757525,0.024494605558791446,0.2154654779139926,1.7816648450617905,1.6871572201402247,549.8982481187209
-1.5801933844552056,1.3524074147206004,0.6819179194196671,44.81425642712846,171.46005949189433,-16.705151347865076,4.983584101716949,0.41821362186802763,3.081982397764211,2.6294685503315756,735.6714484726375
-0.8115442072188349,5.310949483623556,0.19719454665535016,42.60181113997515,129.51083251155944,-29.463658579614414,1.016776998908775,0.19767531595860866,11.289944740701532,2.244050084674901,676.0858824761286
0.786132880000455,9.274505075239539,9.843147935773192,46.95468898245358,146.43257972704055,-18.591730886074835,0.1640783321794467,0.32155362446117364,1.331400793165328,4.5748455290440075,717.1186083784335
0.4967541752012671,-8.333428200902489,0.9796336027146304,51.69540647473165,100.7630355503244,-23.895164504122597,0.1014442915498049,0.2134217324775281,5.258837734926308,2.6223260397832266,525.1155011232048
-0.8369080607224431,-9.3224070532281,0.8709346983907762,46.935750544358584,155.99040699558756,-10.961455614346251,0.8970690692944228,0.2855196068510963,1.172054828745483,2.0446397390337387,653.8387395037352
0.5859278575019705,-4.06644312672511,0.23149987956357584,47.039650973675876,138.35117764020637,-25.289873767115743,1.1085486053370646,0.14383686900046097,4.056878074402925,3.033075965639981,647.5412322329598
-0.19142216499456147,-8.193969142845088,0.20197406874559212,50.42753741451619,173.64426249554305,-18.997805699762374,0.9328295778737348,0.18590678723628282,3.147161212616822,0.6732450148313127,760.233738142285
-0.9897799904734607,-1.8604110456317091,0.335542794672033,51.19403182243255,130.7291578202782,-16.736585766185218,2.6576671682814705,0.3219010433971218,2.5427719686076453,0.12502896643724634,637.6865298119782
-0.17998271292755377,0.2279847291741426,0.5621875897592591,56.43183095824854,109.0281907227034,-22.39062292730226,1.4764007437786562,0.21399192756534252,1.7900519442601592,7.91584517179341,567.9878176964722
0.6956165814788028,-5.049122048873356,0.5545773294721545,41.876141835498814,122.76044417035247,-17.70909422951337,2.16658565203153,0.030161631916996414,2.361035427505431,1.0011211411017198,563.1978865936331
0.42014441161079813,-1.2253581435558392,3.170117223305056,47.61150412977231,127.88123202117006,-19.899347891716435,2.706755164027148,0.5859660956929889,7.30936533691394,0.33392583172881984,626.3393735862595
-0.552669047793612,-9.196253862881488,1.3485575809111974,54.99512699563723,133.64986511625213,-30.25323412392794,0.27188846946301,0.1483761636437663,11.947545293115988,0.8490079871442826,676.3453069101267
-0.2095167268683973,-3.3913018613417716,0.40013844753108435,40.109028196959684,141.84549802935624,-13.011287936275865,0.35242246521680576,0.5029842391387901,4.39485330393155,0.5147035550371126,626.3459523510893
1.0658735006351974,4.287394596424946,1.0064769328880998,35.838415444983056,166.2490790460783,-20.36297814155893,1.9078084304863745,0.1600676210273509,5.507627561401444,0.4828016560351056,748.9896426964393
-1.0653807913529307,9.46934387169221,3.4963022954362946,53.843422674847766,131.14272270306557,-13.838604421304213,3.063419470814831,0.062285951829313076,4.979778392928323,0.4843289172938807,693.9460273290105
-0.31407720374069603,8.425255151429841,2.2775741840954513,60.59340304171788,168.49817932164225,-24.3332217209685,0.31546727635443617,0.16087670241217017,3.2569973533338366,6.335064210303901,832.9365289934958
0.21221329021859592,3.9222407043339462,0.7010337395689015,42.25646643371623,186.06378604245498,-13.756392538361997,7.079285940293984,0.28615756571274337,3.06738973813673,1.295246240674629,786.4565093764105
-0.7315670131400459,2.0486244218656413,0.7571418514576354,49.41699081117372,108.20961536647502,-25.73169905557016,0.20061438279241448,0.33246363353215014,2.4674146619955213,1.8071230667551812,571.8398709141824
0.16519174018698324,-7.420980590047705,1.5800743194964517,41.88701079567032,162.8337850601286,-23.888662530452812,2.981301035886371,0.1559317452072248,5.893475653860607,0.4476829222754059,705.181919016781
0.45933889192357885,2.75388159396757,0.8351694320245019,65.90549379664694,156.4749609015692,-16.634950213989093,1.1707232685174567,0.05506617524316057,4.134480851865189,0.8832783958113619,793.8565875372909
0.0516289062473622,6.243375283443228,0.3772028750973006,57.38665708842543,196.78450873998963,-14.15690990326766,0.06773286861008333,0.2597666135179593,3.5336869917769382,0.3949754433338801,925.0187468734705
-1.580573818105522,0.7209913584421628,0.49375399444493817,66.69545525496598,112.47463056803122,-21.39083368465934,0.8862629220245453,0.3256386463666563,6.932787620145823,6.0548236407423675,634.6168874782277
-0.6717382932363699,2.794546294516829,0.7585687722117586,52.395212194648735,107.7885175718322,-21.968074558683227,0.04033497956012375,0.038512212356926624,1.8181646352638725,0.42509901915314346,601.0610058870726
-0.3673059286543203,9.48502100046533,0.0533105396053172,57.71629468581284,165.75009850037202,-20.111979774823403,0.13062817203310448,0.11545696392630321,5.371407122694051,0.19083451467610876,850.3223873538009
-0.37382326047358505,8.897230564634533,0.20688284359498527,50.08540189169103,125.36783670839547,-30.49101667851904,2.5811201803004056,0.011199827036355473,4.503108274462342,3.8549867720874724,670.5984474689751
-0.6769846677224793,1.7712074185810582,1.724846459553489,49.05329459767697,145.53537802963177,-20.90030358218557,3.346957674420765,0.0971850111880651,7.069958864307653,3.788534876894607,692.8247699481905
-0.12954036352776166,-7.651029671763318,7.6675867100502915,39.445289841393134,184.95607055749667,-23.409384238522478,3.0605584332499607,0.20187206315031092,4.470247473441943,1.043074296822207,756.9907681615528
-0.06637337641354978,1.5651939742431722,0.18711435697655454,59.03236791449621,165.22062555790515,-18.479877336737882,0.2155123862086711,0.15547697179004058,1.0670157890791832,0.15828170171730602,794.9670872876977
-0.6568068381120787,-6.62616682022072,3.8885335691626772,55.07370800431356,177.5413893435636,-23.84231346720328,1.1157270764732246,0.7029845150022482,1.8840319125052518,1.1452407048102564,781.0910518813185
-0.18943918284309785,0.05822317465121074,0.4520928049780931,29.059643600911325,193.42361227612975,-31.149289427689986,2.087790244302964,0.6485546655971607,8.603471856690561,12.129178324354239,766.4289912774027
-0.04107594074167525,-4.16061699005194,0.11310659371800129,54.8299587081448,179.32291464685403,-15.202350244715085,1.7516349800302866,0.19633853903585122,2.365099019586185,0.7819156320714101,794.7386105418542
1.063754815725777,7.303282039035693,1.4188534991112685,66.45663583365828,178.2153964489521,-17.152494457685922,1.748643770197575,0.43028163296878325,5.224742510667758,1.8788041294949154,895.2173167685141
0.5849613361280591,-0.32722949788468014,1.7911568237625757,34.355071543501246,132.2408172678908,-17.889494297481086,2.31023525406721,0.09840165855895976,4.085583025633815,0.4338795872775451,594.5340926471504
-0.5060376808008895,9.926647454167618,1.977221527973945,49.62989591356785,197.57660655511194,-24.5492608335941,0.1488513644899041,0.19038796231688623,4.514587838020901,1.1368096648951538,918.1318765863346
1.3689305385867907,-0.6554821238722823,1.6551009941032546,36.93772362269178,113.11504203186271,-25.956521320781555,0.3034374895558637,0.4000430689635576,1.1891791379788383,1.8306333985341865,542.5708822198701
-1.7101844708880067,0.7265764078234369,1.2738924368971543,46.32340740707386,178.9796561635094,-23.265378868807524,1.4039655748665991,0.5217514776122809,1.926246971500115,0.883821599362338,790.8893080650322
-0.5301755146297776,9.239889714858766,0.5620458174189474,46.565629701189025,178.12945361784824,-23.808031976638965,1.7751738825144259,0.11187382810499527,6.898076174048716,0.9530215029079273,852.1121984242432
-0.4731441910689084,0.8922325603265318,6.581348485196875,48.33076504076648,138.0803949073131,-14.116044474131968,3.262099770624776,0.12298322872418066,7.4299502453503,0.7294953073677248,662.3902269462797
-0.3338345120936404,-3.7495770183707533,1.648757971290085,47.885981337820986,194.75203506344593,-16.09178480928064,2.039891288192648,0.20076396348641004,6.903555834004988,1.570841044712697,835.2034062383384
0.8899845448554243,8.759574538484557,2.8958359769210227,57.267221519226,193.21964832483968,-23.298113336523123,0.8576135554353863,0.4615894320870797,2.526446248074683,5.1529841607271685,904.8946528594419
0.8838346251881932,1.9976597965749203,4.8136435645031295,41.28270211141821,156.0302165159768,-26.706722166938235,3.0320590456415224,0.4678176359699448,5.9723924891116145,9.657246707204283,682.2685246745144
1.38097705599699,9.074302987405822,0.9560272816061497,27.66778935355712,192.19259581147918,-20.540317308264086,0.5785249602510452,0.4636389196783513,1.0135077779464572,1.005745455436507,815.868151137293
-0.5736255423169561,-1.4123996482117978,2.8770968465395987,54.45276996840929,144.80565983590066,-18.207048510953474,6.388610814268592,0.3740868584528411,1.857188288045588,1.6131027483968814,666.4356286244904
0.025997771529902076,9.421654261281539,2.507408785025547,44.34552851061206,112.68289341381332,-19.335327580439333,1.206896183989657,0.4907832591590248,3.9111272656831297,1.079326449859687,607.0819439243463
-1.4294606391259919,-1.221396491949431,0.02490908482202308,54.1333908359706,184.13009977704593,-16.974652599319004,0.21629045922258014,0.34846646402867393,3.3709602884271903,1.1344357960156248,831.9015850520135
1.6422126027996986,9.791062063234396,0.7247995282896627,50.330793059513006,174.14566612597287,-16.491733437708152,0.8644374800713811,0.11316309554020343,11.944173674514467,5.53788428343527,852.3353281363362
2.0770293726219355,-5.780855444702344,2.7224902729270055,51.34902180011529,129.53773455095381,-16.91529241744063,1.474767982287241,0.5232636955240454,3.2568106410516444,0.3427583447185609,625.3525285672608
0.34143117637049625,6.591461553253634,2.0287113047433896,29.366100909260325,194.38583531255506,-27.212695432114582,0.464188984188383,0.030489774264922324,4.599451801007563,13.749631212187536,780.9312255603952
-0.5291543946124742,8.987384074358893,8.783858316853083,54.114532828513816,125.9093368107115,-23.379706686157732,2.1052515353210426,0.16374130227302175,1.828983914184844,0.13470936636142117,676.1928345005301
1.4027631820500293,-6.140974395152767,0.22752996812490042,43.840288306461616,133.4390201332917,-26.94662539882799,1.374346702330668,0.45564265568707263,3.524162897647902,1.0363644358378052,612.751908625762
-0.9907532555570981,7.7094220558604505,5.221087357678099,54.26144112165491,122.88413717395096,-16.697765223714107,0.8495524962894992,0.15571819003710244,1.4180153128664326,1.0715124101698836,652.1025271671928
